{"cameraMode":{"drawMode":0,"name":"Shaded","section":"Shading Mode"},"sceneLighting":false,"audioPlay":false,"sceneViewState":{"m_AlwaysRefresh":true,"showFog":true,"showSkybox":false,"showFlares":true,"showImageEffects":true,"showParticleSystems":true,"showVisualEffectGraphs":true,"m_FxEnabled":true},"in2DMode":false,"pivot":{"x":0.014273591339588166,"y":1.0231964588165284,"z":1.599684715270996},"rotation":{"x":0.010507260449230671,"y":0.9901238083839417,"z":-0.10120752453804016,"w":0.09940450638532639},"size":0.7974626421928406,"orthographic":false}