{"cameraMode":{"drawMode":0,"name":"Shaded","section":"Shading Mode"},"sceneLighting":false,"audioPlay":false,"sceneViewState":{"m_AlwaysRefresh":true,"showFog":true,"showSkybox":false,"showFlares":true,"showImageEffects":true,"showParticleSystems":true,"showVisualEffectGraphs":true,"m_FxEnabled":true},"in2DMode":false,"pivot":{"x":5.960464477539063e-8,"y":0.869835615158081,"z":0.008967667818069458},"rotation":{"x":0.08542677015066147,"y":0.8825801014900208,"z":-0.42832136154174807,"w":0.17516203224658967},"size":1.2088127136230469,"orthographic":false}