{"cameraMode":{"drawMode":0,"name":"Shaded","section":"Shading Mode"},"sceneLighting":true,"audioPlay":true,"sceneViewState":{"m_AlwaysRefresh":true,"showFog":true,"showSkybox":true,"showFlares":true,"showImageEffects":true,"showParticleSystems":true,"showVisualEffectGraphs":true,"m_FxEnabled":true},"in2DMode":false,"pivot":{"x":-1.4148194789886475,"y":1.8851978778839112,"z":0.20571106672286988},"rotation":{"x":-0.007906845770776272,"y":0.9905187487602234,"z":-0.12185348570346832,"w":-0.06520848721265793},"size":0.830233097076416,"orthographic":false}