{"cameraMode":{"drawMode":0,"name":"Shaded","section":"Shading Mode"},"sceneLighting":true,"audioPlay":false,"sceneViewState":{"m_AlwaysRefresh":true,"showFog":true,"showSkybox":false,"showFlares":true,"showImageEffects":true,"showParticleSystems":true,"showVisualEffectGraphs":true,"m_FxEnabled":true},"in2DMode":false,"pivot":{"x":-6.556274890899658,"y":1.849393606185913,"z":-2.0734684467315676},"rotation":{"x":0.001169870374724269,"y":-0.9987390041351318,"z":0.043283261358737949,"w":0.02726328745484352},"size":2.0762484073638918,"orthographic":false}