{"cameraMode":{"drawMode":0,"name":"Shaded","section":"Shading Mode"},"sceneLighting":true,"audioPlay":false,"sceneViewState":{"m_AlwaysRefresh":true,"showFog":true,"showSkybox":true,"showFlares":true,"showImageEffects":true,"showParticleSystems":true,"showVisualEffectGraphs":true,"m_FxEnabled":true},"in2DMode":false,"pivot":{"x":-1.4322333335876465,"y":1.1477041244506837,"z":-0.04194369912147522},"rotation":{"x":0.03387894108891487,"y":0.9645376801490784,"z":-0.2160409539937973,"w":0.14974825084209443},"size":0.624991774559021,"orthographic":false}