{"cameraMode":{"drawMode":0,"name":"Shaded","section":"Shading Mode"},"sceneLighting":true,"audioPlay":false,"sceneViewState":{"m_AlwaysRefresh":true,"showFog":true,"showSkybox":true,"showFlares":true,"showImageEffects":true,"showParticleSystems":true,"showVisualEffectGraphs":true,"m_FxEnabled":true},"in2DMode":false,"pivot":{"x":2.116607427597046,"y":-4.883253574371338,"z":5.760449409484863},"rotation":{"x":0.3432008624076843,"y":-0.0023477536160498859,"z":0.0008775497553870082,"w":0.9392975568771362},"size":5.938499927520752,"orthographic":false}