{"cameraMode":{"drawMode":0,"name":"Shaded","section":"Shading Mode"},"sceneLighting":true,"audioPlay":false,"sceneViewState":{"m_AlwaysRefresh":true,"showFog":true,"showSkybox":true,"showFlares":true,"showImageEffects":true,"showParticleSystems":true,"showVisualEffectGraphs":true,"m_FxEnabled":true},"in2DMode":false,"pivot":{"x":-0.014397997409105301,"y":0.5175067782402039,"z":-0.04258442670106888},"rotation":{"x":0.003457751590758562,"y":0.9955748915672302,"z":-0.08772909641265869,"w":0.037613965570926669},"size":0.5513619184494019,"orthographic":false}