{"cameraMode":{"drawMode":0,"name":"Shaded","section":"Shading Mode"},"sceneLighting":true,"audioPlay":false,"sceneViewState":{"m_AlwaysRefresh":true,"showFog":true,"showSkybox":true,"showFlares":true,"showImageEffects":true,"showParticleSystems":true,"showVisualEffectGraphs":true,"m_FxEnabled":true},"in2DMode":false,"pivot":{"x":-26.011232376098634,"y":-1.2542836666107178,"z":-6.053149700164795},"rotation":{"x":0.08542677015066147,"y":0.8825801014900208,"z":-0.42832136154174807,"w":0.17516203224658967},"size":13.369580268859864,"orthographic":false}