{"cameraMode":{"drawMode":0,"name":"Shaded","section":"Shading Mode"},"sceneLighting":true,"audioPlay":true,"sceneViewState":{"m_AlwaysRefresh":true,"showFog":true,"showSkybox":true,"showFlares":true,"showImageEffects":true,"showParticleSystems":true,"showVisualEffectGraphs":true,"m_FxEnabled":true},"in2DMode":false,"pivot":{"x":42.272491455078128,"y":1.0500907897949219,"z":-16.086231231689454},"rotation":{"x":0.2707289457321167,"y":0.2533475160598755,"z":-0.07382646203041077,"w":0.9259162545204163},"size":14.787196159362793,"orthographic":false}