{"cameraMode":{"drawMode":0,"name":"Shaded","section":"Shading Mode"},"sceneLighting":true,"audioPlay":false,"sceneViewState":{"m_AlwaysRefresh":true,"showFog":true,"showSkybox":true,"showFlares":true,"showImageEffects":true,"showParticleSystems":true,"showVisualEffectGraphs":true,"m_FxEnabled":true},"in2DMode":false,"pivot":{"x":-11.487957000732422,"y":0.5663615465164185,"z":1.8048038482666016},"rotation":{"x":-0.0008952164207585156,"y":0.9991137385368347,"z":-0.027791880071163179,"w":-0.032180823385715488},"size":5.50352668762207,"orthographic":false}