{"cameraMode":{"drawMode":0,"name":"Shaded","section":"Shading Mode"},"sceneLighting":true,"audioPlay":false,"sceneViewState":{"m_AlwaysRefresh":true,"showFog":true,"showSkybox":true,"showFlares":true,"showImageEffects":true,"showParticleSystems":true,"showVisualEffectGraphs":true,"m_FxEnabled":true},"in2DMode":false,"pivot":{"x":-6.991679668426514,"y":2.641523838043213,"z":-2.007880210876465},"rotation":{"x":0.0011912914924323559,"y":-0.998760998249054,"z":0.0417834110558033,"w":0.028763214126229287},"size":1.236029028892517,"orthographic":false}