{"cameraMode":{"drawMode":0,"name":"Shaded","section":"Shading Mode"},"sceneLighting":false,"audioPlay":false,"sceneViewState":{"m_AlwaysRefresh":false,"showFog":false,"showSkybox":false,"showFlares":false,"showImageEffects":false,"showParticleSystems":false,"showVisualEffectGraphs":true,"m_FxEnabled":true},"in2DMode":false,"pivot":{"x":0.015435606241226197,"y":0.7816485166549683,"z":0.038974329829216},"rotation":{"x":0.03387894108891487,"y":0.9645376801490784,"z":-0.2160409539937973,"w":0.14974825084209443},"size":0.7997855544090271,"orthographic":false}